{"mean_error": 0.02647249586880207, "std_error": 0.0070936111733317375, "threshold": 0.04775332659482956}